{
  "project_info": {
    "project_number": "814222463030",
    "firebase_url": "https://blooplus-default-rtdb.firebaseio.com",
    "project_id": "blooplus",
    "storage_bucket": "blooplus.appspot.com"
  },
  "client": [
    {
      "client_info": {
        "mobilesdk_app_id": "1:814222463030:android:2010e4ba351ad2acc48897",
        "android_client_info": {
          "package_name": "uk.ac.tees.w9585141.blooplus"
        }
      },
      "oauth_client": [
        {
          "client_id": "814222463030-em3earjst041jlujou8041bh27qqsul6.apps.googleusercontent.com",
          "client_type": 3
        }
      ],
      "api_key": [
        {
          "current_key": "AIzaSyCu2QS1Q7xGnUvv_1MwkET8rs_ct-JhGbc"
        }
      ],
      "services": {
        "appinvite_service": {
          "other_platform_oauth_client": [
            {
              "client_id": "814222463030-em3earjst041jlujou8041bh27qqsul6.apps.googleusercontent.com",
              "client_type": 3
            }
          ]
        }
      }
    }
  ],
  "configuration_version": "1"
}